{
    "rmse": 0.8031192316968839,
    "mae": 0.6551462834833475,
    "r2": 0.013014969845475122
}